contexto,triades,%forte_bal,%leve_bal,%leve_desbal,%forte_desbal,media_BT,mediana_BT
gexf,549,0.16939890710382513,0.3970856102003643,0.3879781420765027,0.04553734061930783,0.10295951426229814,0.036125
