triads,mean_BT,median_BT,mean_absBT,median_absBT,%forte_bal,%leve_bal,%leve_desbal,%forte_desbal
549,0.10295951426229814,0.036125,0.21280554327439619,0.11200000000000002,0.16939890710382513,0.3970856102003643,0.3879781420765027,0.04553734061930783
