metric,obs,null_mean,null_std,zscore
mean_BT,0.10295951426229814,0.07898976918710082,0.022640757940141646,1.0586988800714752
median_BT,0.036125,0.06566035357142859,0.037010743821639845,-0.7980210750090232
mean_absBT,0.21280554327439619,0.29145320755919857,0.019251199462748045,-4.085338393433054
median_absBT,0.11200000000000002,0.2503570654761905,0.06934341292043693,-1.9952445322375219
%forte_bal,0.16939890710382513,0.17820582877959928,0.024894676208545644,-0.3537672714438031
%leve_bal,0.3970856102003643,0.3712841530054645,0.030181359395428032,0.8548805524912266
%leve_desbal,0.3879781420765027,0.3380327868852459,0.03218764907662826,1.5516931687789086
%forte_desbal,0.04553734061930783,0.11247723132969036,0.019437725463410244,-3.4438129521065006
