bin_left,bin_right,count
-1.0,-0.9,323
-0.9,-0.8,187
-0.8,-0.7000000000000001,1073
-0.7000000000000001,-0.6000000000000001,65
-0.6000000000000001,-0.5000000000000001,40
-0.5000000000000001,-0.40000000000000013,9
-0.40000000000000013,-0.30000000000000016,7
-0.30000000000000016,-0.20000000000000018,7
-0.20000000000000018,-0.1000000000000002,1
-0.1000000000000002,-2.220446049250313e-16,0
-2.220446049250313e-16,0.09999999999999964,652
0.09999999999999964,0.19999999999999973,1
0.19999999999999973,0.2999999999999998,1520
0.2999999999999998,0.3999999999999997,84
0.3999999999999997,0.49999999999999956,99
0.49999999999999956,0.5999999999999996,17
0.5999999999999996,0.6999999999999997,897
0.6999999999999997,0.7999999999999996,529
0.7999999999999996,0.8999999999999995,4170
0.8999999999999995,1.0,872
